MEM,func,throughput(insert),throughput(query),AAE,ARE
0.01,CC,14.7648,15.2423,10.4072,2.18105
0.01,CC2,10.872,12.6783,10.3978,2.0931
0.01,CC3,9.99251,19.2809,12.1718,1.33873
0.01,CC,7.94671,6.3117,10.4072,2.18105
0.01,CC2,10.8801,4.32719,10.3978,2.0931
0.01,CC3,8.34521,6.66452,12.1718,1.33873
0.01,CC,5.39776,15.7111,10.4072,2.18105
0.01,CC2,8.54722,12.3955,10.3978,2.0931
0.01,CC3,12.2121,15.604,12.1718,1.33873
0.01,CC,5.95348,7.80695,10.4072,2.18105
0.01,CC2,9.5336,6.1576,10.3978,2.0931
0.01,CC3,12.4893,7.49287,12.1718,1.33873
0.01,CC,16.3026,17.9193,10.4072,2.18105
0.01,CC2,11.6291,14.665,10.3978,2.0931
0.01,CC3,14.3978,17.5986,12.1718,1.33873
0.01,CC,11.0435,8.35538,10.4072,2.18105
0.01,CC2,11.0433,5.85518,10.3978,2.0931
0.01,CC3,12.0904,8.58049,12.1718,1.33873
0.01,CC,10.5727,8.34914,10.4072,2.18105
0.01,CC2,9.84695,5.19926,10.3978,2.0931
0.01,CC3,10.7748,8.36603,12.1718,1.33873
0.01,CC,8.61659,9.16982,10.4072,2.18105
0.01,CC2,9.3547,6.85146,10.3978,2.0931
0.01,CC3,7.99708,16.692,12.1718,1.33873
0.01,CC,9.33383,14.7119,10.4072,2.18105
0.01,CC2,12.355,12.1636,10.3978,2.0931
0.01,CC3,15.0399,10.9988,12.1718,1.33873
0.01,CC,16.7886,17.8116,10.4072,2.18105
0.01,CC2,15.8812,11.9728,10.3978,2.0931
0.01,CC3,13.4254,17.0804,12.1718,1.33873
0.01,CC,12.8437,8.77582,10.4072,2.18105
0.01,CC2,6.97975,6.73982,10.3978,2.0931
0.01,CC3,7.80128,14.322,12.1718,1.33873
0.01,CC,7.46657,9.56119,10.4072,2.18105
0.01,CC2,6.58057,6.48884,10.3978,2.0931
0.01,CC3,7.27028,7.96677,12.1718,1.33873
0.01,CC,6.60205,9.04361,10.4072,2.18105
0.01,CC2,6.41619,5.27039,10.3978,2.0931
0.01,CC3,6.37238,6.5728,12.1718,1.33873
0.01,CC,7.62868,8.28408,10.4072,2.18105
0.01,CC2,6.4805,5.26957,10.3978,2.0931
0.01,CC3,7.8625,6.9002,12.1718,1.33873
0.01,CC,6.1757,5.64364,10.4072,2.18105
0.01,CC2,5.80101,4.5891,10.3978,2.0931
0.01,CC3,6.65426,6.17024,12.1718,1.33873
0.01,CC,9.77254,4.58346,10.4072,2.18105
0.01,CC2,7.16576,5.91313,10.3978,2.0931
0.01,CC3,6.07941,19.2632,12.1718,1.33873
0.01,CC,8.10248,17.6968,10.4072,2.18105
0.01,CC2,13.8031,12.4292,10.3978,2.0931
0.01,CC3,16.1665,17.6329,12.1718,1.33873
0.01,CC,9.37587,12.4205,10.4072,2.18105
0.01,CC2,14.1526,11.9736,10.3978,2.0931
0.01,CC3,12.1539,16.3478,12.1718,1.33873
0.01,CC,6.86526,10.3814,10.4072,2.18105
0.01,CC2,7.49898,11.0505,10.3978,2.0931
0.01,CC3,9.98892,5.50828,12.1718,1.33873
0.01,CC,5.67617,7.89539,10.4072,2.18105
0.01,CC2,6.63458,5.12766,10.3978,2.0931
0.01,CC3,6.81843,7.0767,12.1718,1.33873
0.01,CC,6.96163,6.57347,10.4072,2.18105
0.01,CC2,6.02707,4.67508,10.3978,2.0931
0.01,CC3,7.48096,5.46457,12.1718,1.33873
0.01,CC,6.71281,6.11166,10.4072,2.18105
0.01,CC2,5.81158,4.59506,10.3978,2.0931
0.01,CC3,5.7341,5.51413,12.1718,1.33873
0.01,CC,5.88062,8.468,10.4072,2.18105
0.01,CC2,5.18815,6.63127,10.3978,2.0931
0.01,CC3,8.29025,9.44007,12.1718,1.33873
0.01,CC,10.732,18.0142,10.4072,2.18105
0.01,CC2,8.79782,10.2771,10.3978,2.0931
0.01,CC3,13.7224,17.5835,12.1718,1.33873
0.01,CC,9.35409,13.4578,10.4072,2.18105
0.01,CC2,5.78952,10.8991,10.3978,2.0931
0.01,CC3,6.63931,14.1607,12.1718,1.33873
0.01,CC,8.23162,12.3804,10.4072,2.18105
0.01,CC2,6.04025,9.07298,10.3978,2.0931
0.01,CC3,9.09524,15.1208,12.1718,1.33873
0.01,CC,5.0685,17.173,10.4072,2.18105
0.01,CC2,8.9028,5.53576,10.3978,2.0931
0.01,CC3,10.3096,11.3375,12.1718,1.33873
0.01,CC,5.66502,4.75448,10.4072,2.18105
0.01,CC2,6.05142,3.44548,10.3978,2.0931
0.01,CC3,9.34625,4.79771,12.1718,1.33873
0.01,CC,6.57493,9.95015,10.4072,2.18105
0.01,CC2,8.3444,8.01873,10.3978,2.0931
0.01,CC3,11.7508,9.46425,12.1718,1.33873
0.01,CC,5.56086,6.98705,10.4072,2.18105
0.01,CC2,5.87002,9.49243,10.3978,2.0931
0.01,CC3,7.93297,9.78139,12.1718,1.33873
0.01,CC,6.56977,4.37754,10.4072,2.18105
0.01,CC2,6.42056,3.08139,10.3978,2.0931
0.01,CC3,4.92341,5.45002,12.1718,1.33873
0.01,CC,5.58874,6.81523,10.4072,2.18105
0.01,CC2,5.72742,5.03803,10.3978,2.0931
0.01,CC3,5.63804,6.03278,12.1718,1.33873
0.01,CC,5.88199,7.99945,10.4072,2.18105
0.01,CC2,5.19387,6.57644,10.3978,2.0931
0.01,CC3,7.17917,8.25143,12.1718,1.33873
0.01,CC,5.20618,6.46506,10.4072,2.18105
0.01,CC2,4.59057,4.67211,10.3978,2.0931
0.01,CC3,6.48337,6.43163,12.1718,1.33873
0.01,CC,6.39122,6.95774,10.4072,2.18105
0.01,CC2,6.05213,5.12983,10.3978,2.0931
0.01,CC3,6.58999,6.40172,12.1718,1.33873
0.01,CC,5.66883,8.99217,10.4072,2.18105
0.01,CC2,6.0422,6.00836,10.3978,2.0931
0.01,CC3,5.53804,9.0959,12.1718,1.33873
0.01,CC,6.34501,8.87081,10.4072,2.18105
0.01,CC2,5.84245,5.23391,10.3978,2.0931
0.01,CC3,7.10278,7.13672,12.1718,1.33873
0.01,CC,6.71531,5.60628,10.4072,2.18105
0.01,CC2,5.47856,4.56973,10.3978,2.0931
0.01,CC3,5.66066,5.97478,12.1718,1.33873
0.01,CC,5.18895,6.53998,10.4072,2.18105
0.01,CC2,6.33537,4.45818,10.3978,2.0931
0.01,CC3,6.55598,6.23136,12.1718,1.33873
0.01,CC,6.40237,6.92268,10.4072,2.18105
0.01,CC2,5.49251,5.50567,10.3978,2.0931
0.01,CC3,6.34182,7.1176,12.1718,1.33873
0.01,CC,6.42203,8.61338,10.4072,2.18105
0.01,CC2,6.3351,6.62151,10.3978,2.0931
0.01,CC3,6.84443,7.14759,12.1718,1.33873
0.01,CC,6.73358,7.00129,10.4072,2.18105
0.01,CC2,5.91924,5.31816,10.3978,2.0931
0.01,CC3,6.18301,7.61778,12.1718,1.33873
0.01,CC,10.9443,10.0063,10.4072,2.18105
0.01,CC2,6.21281,6.2454,10.3978,2.0931
0.01,CC3,6.40877,8.42708,12.1718,1.33873
0.01,CC,7.66225,9.05703,10.4072,2.18105
0.01,CC2,6.49063,6.90583,10.3978,2.0931
0.01,CC3,7.47211,8.48734,12.1718,1.33873
0.01,CC,6.32793,6.68061,10.4072,2.18105
0.01,CC2,5.50722,4.86972,10.3978,2.0931
0.01,CC3,6.72424,7.61285,12.1718,1.33873
0.01,CC,5.91856,5.88802,10.4072,2.18105
0.01,CC2,4.70855,4.39755,10.3978,2.0931
0.01,CC3,6.46061,5.72219,12.1718,1.33873
0.01,CC,5.91899,5.44948,10.4072,2.18105
0.01,CC2,5.92245,4.58944,10.3978,2.0931
0.01,CC3,5.79138,6.28381,12.1718,1.33873
0.01,CC,5.02217,5.63645,10.4072,2.18105
0.01,CC2,5.95581,5.00066,10.3978,2.0931
0.01,CC3,6.54039,8.70307,12.1718,1.33873
0.01,CC,7.45899,5.66309,10.4072,2.18105
0.01,CC2,6.11567,4.52534,10.3978,2.0931
0.01,CC3,6.45506,7.57996,12.1718,1.33873
0.01,CC,7.2128,7.07479,10.4072,2.18105
0.01,CC2,5.94341,6.70045,10.3978,2.0931
0.01,CC3,5.85244,9.24026,12.1718,1.33873
0.02,CC,5.78437,5.56601,7.33677,1.53132
0.02,CC2,5.71909,7.15273,7.4699,1.49881
0.02,CC3,5.8731,8.78995,10.3965,1.24824
0.02,CC,6.83489,8.55986,7.33677,1.53132
0.02,CC2,6.51726,7.17282,7.4699,1.49881
0.02,CC3,7.77832,9.39319,10.3965,1.24824
0.02,CC,7.29947,8.37593,7.33677,1.53132
0.02,CC2,6.14599,7.35299,7.4699,1.49881
0.02,CC3,6.59368,8.89191,10.3965,1.24824
0.02,CC,6.32966,8.45596,7.33677,1.53132
0.02,CC2,5.7004,6.86675,7.4699,1.49881
0.02,CC3,6.38744,8.96483,10.3965,1.24824
0.02,CC,5.792,8.73507,7.33677,1.53132
0.02,CC2,5.44862,7.01975,7.4699,1.49881
0.02,CC3,7.59873,7.45926,10.3965,1.24824
0.02,CC,6.69845,7.49228,7.33677,1.53132
0.02,CC2,7.30834,5.84533,7.4699,1.49881
0.02,CC3,6.1609,9.32278,10.3965,1.24824
0.02,CC,5.41297,8.16915,7.33677,1.53132
0.02,CC2,5.75303,5.72495,7.4699,1.49881
0.02,CC3,6.50121,7.27591,10.3965,1.24824
0.02,CC,5.90283,8.5506,7.33677,1.53132
0.02,CC2,5.53568,7.14991,7.4699,1.49881
0.02,CC3,5.42329,7.79923,10.3965,1.24824
0.02,CC,7.00734,8.44179,7.33677,1.53132
0.02,CC2,5.87237,6.78882,7.4699,1.49881
0.02,CC3,7.06994,7.31491,10.3965,1.24824
0.02,CC,6.25797,5.80676,7.33677,1.53132
0.02,CC2,6.01879,4.38033,7.4699,1.49881
0.02,CC3,5.60401,6.72785,10.3965,1.24824
0.02,CC,7.26897,6.39666,7.33677,1.53132
0.02,CC2,5.41332,5.54584,7.4699,1.49881
0.02,CC3,6.0317,8.77554,10.3965,1.24824
0.02,CC,5.84238,8.23277,7.33677,1.53132
0.02,CC2,7.27986,7.01582,7.4699,1.49881
0.02,CC3,6.07767,8.55021,10.3965,1.24824
0.02,CC,6.28414,8.48789,7.33677,1.53132
0.02,CC2,5.22349,7.13987,7.4699,1.49881
0.02,CC3,5.73142,5.94088,10.3965,1.24824
0.02,CC,7.33237,7.03499,7.33677,1.53132
0.02,CC2,4.7793,6.6187,7.4699,1.49881
0.02,CC3,5.98613,8.13399,10.3965,1.24824
0.02,CC,7.40607,8.07359,7.33677,1.53132
0.02,CC2,5.44968,8.33286,7.4699,1.49881
0.02,CC3,6.30622,11.4449,10.3965,1.24824
0.02,CC,5.85023,7.6583,7.33677,1.53132
0.02,CC2,6.05087,6.3228,7.4699,1.49881
0.02,CC3,6.05254,8.00211,10.3965,1.24824
0.02,CC,5.70109,5.90161,7.33677,1.53132
0.02,CC2,5.82294,4.66853,7.4699,1.49881
0.02,CC3,6.23827,5.89797,10.3965,1.24824
0.02,CC,5.97379,5.48033,7.33677,1.53132
0.02,CC2,5.43589,4.58865,7.4699,1.49881
0.02,CC3,5.0301,5.95875,10.3965,1.24824
0.02,CC,5.89804,5.34981,7.33677,1.53132
0.02,CC2,5.47219,4.97886,7.4699,1.49881
0.02,CC3,5.89255,9.11647,10.3965,1.24824
0.02,CC,6.76001,15.9988,7.33677,1.53132
0.02,CC2,5.78969,11.0583,7.4699,1.49881
0.02,CC3,9.55841,7.56226,10.3965,1.24824
0.02,CC,6.94345,6.46029,7.33677,1.53132
0.02,CC2,4.98223,5.25079,7.4699,1.49881
0.02,CC3,6.06108,6.87804,10.3965,1.24824
0.02,CC,7.11914,8.69956,7.33677,1.53132
0.02,CC2,5.80699,7.19059,7.4699,1.49881
0.02,CC3,7.01461,8.91047,10.3965,1.24824
0.02,CC,7.01221,8.68346,7.33677,1.53132
0.02,CC2,7.08216,7.1402,7.4699,1.49881
0.02,CC3,7.16416,8.99769,10.3965,1.24824
0.02,CC,5.88384,6.43516,7.33677,1.53132
0.02,CC2,6.3772,5.20326,7.4699,1.49881
0.02,CC3,7.42119,5.6459,10.3965,1.24824
0.02,CC,6.1153,7.90427,7.33677,1.53132
0.02,CC2,5.63791,6.56594,7.4699,1.49881
0.02,CC3,6.42957,6.57101,10.3965,1.24824
0.02,CC,6.78994,5.35951,7.33677,1.53132
0.02,CC2,6.10707,4.02222,7.4699,1.49881
0.02,CC3,5.05222,6.27077,10.3965,1.24824
0.02,CC,6.49592,6.68514,7.33677,1.53132
0.02,CC2,6.36533,7.0659,7.4699,1.49881
0.02,CC3,7.03097,8.49641,10.3965,1.24824
0.02,CC,6.66557,7.06004,7.33677,1.53132
0.02,CC2,6.31044,6.75573,7.4699,1.49881
0.02,CC3,6.70903,8.37097,10.3965,1.24824
0.02,CC,6.81524,6.83108,7.33677,1.53132
0.02,CC2,6.55812,5.65326,7.4699,1.49881
0.02,CC3,6.70404,6.64584,10.3965,1.24824
0.02,CC,6.44749,5.77484,7.33677,1.53132
0.02,CC2,6.63365,6.13561,7.4699,1.49881
0.02,CC3,6.71725,6.31453,10.3965,1.24824
0.02,CC,6.68661,9.06978,7.33677,1.53132
0.02,CC2,6.24352,7.24258,7.4699,1.49881
0.02,CC3,7.12847,7.94444,10.3965,1.24824
0.02,CC,7.37311,6.82951,7.33677,1.53132
0.02,CC2,6.14655,7.31052,7.4699,1.49881
0.02,CC3,6.2316,7.31208,10.3965,1.24824
0.02,CC,5.37018,6.80004,7.33677,1.53132
0.02,CC2,6.01043,8.91718,7.4699,1.49881
0.02,CC3,5.94297,14.1935,10.3965,1.24824
0.02,CC,7.13866,7.5884,7.33677,1.53132
0.02,CC2,6.93107,5.84553,7.4699,1.49881
0.02,CC3,6.86109,7.19314,10.3965,1.24824
0.02,CC,7.31223,6.35202,7.33677,1.53132
0.02,CC2,4.89622,4.91955,7.4699,1.49881
0.02,CC3,5.81209,8.34902,10.3965,1.24824
0.02,CC,6.73896,6.34088,7.33677,1.53132
0.02,CC2,7.27259,5.38589,7.4699,1.49881
0.02,CC3,5.98208,5.99872,10.3965,1.24824
0.02,CC,6.48931,8.41248,7.33677,1.53132
0.02,CC2,5.4733,5.57436,7.4699,1.49881
0.02,CC3,5.93042,6.72132,10.3965,1.24824
0.02,CC,5.43587,6.24073,7.33677,1.53132
0.02,CC2,5.8573,4.63612,7.4699,1.49881
0.02,CC3,6.23222,5.50433,10.3965,1.24824
0.02,CC,5.43139,5.39901,7.33677,1.53132
0.02,CC2,6.32225,5.82416,7.4699,1.49881
0.02,CC3,5.93323,8.56639,10.3965,1.24824
0.02,CC,5.5254,9.05215,7.33677,1.53132
0.02,CC2,6.48857,6.9153,7.4699,1.49881
0.02,CC3,6.11245,5.96657,10.3965,1.24824
0.02,CC,6.38319,6.49785,7.33677,1.53132
0.02,CC2,5.62419,4.58741,7.4699,1.49881
0.02,CC3,5.31629,5.71168,10.3965,1.24824
0.02,CC,6.0353,8.67852,7.33677,1.53132
0.02,CC2,5.78427,5.32027,7.4699,1.49881
0.02,CC3,9.38247,6.73836,10.3965,1.24824
0.02,CC,6.6993,6.41614,7.33677,1.53132
0.02,CC2,6.1406,4.92606,7.4699,1.49881
0.02,CC3,7.35424,5.93718,10.3965,1.24824
0.02,CC,6.17412,8.51615,7.33677,1.53132
0.02,CC2,5.1967,7.20083,7.4699,1.49881
0.02,CC3,7.31737,8.82962,10.3965,1.24824
0.02,CC,6.65543,8.10646,7.33677,1.53132
0.02,CC2,6.14682,7.01094,7.4699,1.49881
0.02,CC3,6.31383,8.66731,10.3965,1.24824
0.02,CC,6.27095,8.22914,7.33677,1.53132
0.02,CC2,5.65984,7.1516,7.4699,1.49881
0.02,CC3,6.31966,9.19347,10.3965,1.24824
0.02,CC,6.12796,5.63832,7.33677,1.53132
0.02,CC2,6.387,4.38533,7.4699,1.49881
0.02,CC3,6.15492,5.94118,10.3965,1.24824
0.02,CC,6.69156,5.34429,7.33677,1.53132
0.02,CC2,6.53043,4.47809,7.4699,1.49881
0.02,CC3,6.00459,5.76127,10.3965,1.24824
0.02,CC,7.36419,5.25677,7.33677,1.53132
0.02,CC2,6.30941,4.3192,7.4699,1.49881
0.02,CC3,5.17646,5.92687,10.3965,1.24824
0.02,CC,5.84824,8.20386,7.33677,1.53132
0.02,CC2,4.99084,7.33096,7.4699,1.49881
0.02,CC3,6.2624,7.48252,10.3965,1.24824
0.03,CC,5.97333,5.94826,5.73829,1.25489
0.03,CC2,9.13859,7.09903,5.90374,1.2282
0.03,CC3,5.75727,8.81366,9.14462,0.958591
0.03,CC,5.58222,8.31425,5.73829,1.25489
0.03,CC2,6.76274,7.11527,5.90374,1.2282
0.03,CC3,4.97921,8.37071,9.14462,0.958591
0.03,CC,7.11228,6.07783,5.73829,1.25489
0.03,CC2,6.70951,6.35915,5.90374,1.2282
0.03,CC3,7.18968,8.66622,9.14462,0.958591
0.03,CC,7.11672,5.99053,5.73829,1.25489
0.03,CC2,6.47768,5.30475,5.90374,1.2282
0.03,CC3,6.52028,6.18011,9.14462,0.958591
0.03,CC,6.82798,5.69506,5.73829,1.25489
0.03,CC2,6.2695,5.06207,5.90374,1.2282
0.03,CC3,7.3255,5.84909,9.14462,0.958591
0.03,CC,6.62126,8.26519,5.73829,1.25489
0.03,CC2,5.55461,7.24392,5.90374,1.2282
0.03,CC3,6.68489,8.35899,9.14462,0.958591
0.03,CC,6.20582,7.41232,5.73829,1.25489
0.03,CC2,6.53031,6.74381,5.90374,1.2282
0.03,CC3,6.08645,8.5066,9.14462,0.958591
0.03,CC,6.26005,8.22751,5.73829,1.25489
0.03,CC2,4.89046,7.32674,5.90374,1.2282
0.03,CC3,5.61716,7.84118,9.14462,0.958591
0.03,CC,6.20072,7.04104,5.73829,1.25489
0.03,CC2,5.59142,5.50311,5.90374,1.2282
0.03,CC3,5.59906,6.45792,9.14462,0.958591
0.03,CC,6.70438,7.72512,5.73829,1.25489
0.03,CC2,5.81097,5.86131,5.90374,1.2282
0.03,CC3,6.31838,6.36708,9.14462,0.958591
0.03,CC,5.81113,7.91415,5.73829,1.25489
0.03,CC2,4.79341,5.78949,5.90374,1.2282
0.03,CC3,6.26819,4.89804,9.14462,0.958591
0.03,CC,5.84842,7.67332,5.73829,1.25489
0.03,CC2,6.19914,6.81517,5.90374,1.2282
0.03,CC3,7.39698,8.08567,9.14462,0.958591
0.03,CC,5.15794,8.18784,5.73829,1.25489
0.03,CC2,5.30678,7.20753,5.90374,1.2282
0.03,CC3,6.86682,7.08166,9.14462,0.958591
0.03,CC,5.17323,7.34264,5.73829,1.25489
0.03,CC2,6.16618,6.88408,5.90374,1.2282
0.03,CC3,6.04198,8.59977,9.14462,0.958591
0.03,CC,6.31818,4.40438,5.73829,1.25489
0.03,CC2,5.62379,3.38224,5.90374,1.2282
0.03,CC3,6.27677,6.08895,9.14462,0.958591
0.03,CC,6.04131,5.89621,5.73829,1.25489
0.03,CC2,5.53112,4.23422,5.90374,1.2282
0.03,CC3,5.93024,5.40484,9.14462,0.958591
0.03,CC,6.83515,5.27582,5.73829,1.25489
0.03,CC2,5.46177,4.32011,5.90374,1.2282
0.03,CC3,6.4952,5.27685,9.14462,0.958591
0.03,CC,6.9111,5.5777,5.73829,1.25489
0.03,CC2,5.0349,4.51902,5.90374,1.2282
0.03,CC3,6.18258,5.69416,9.14462,0.958591
0.03,CC,5.71173,7.02128,5.73829,1.25489
0.03,CC2,6.29784,5.92234,5.90374,1.2282
0.03,CC3,6.95791,7.92861,9.14462,0.958591
0.03,CC,6.36724,5.95331,5.73829,1.25489
0.03,CC2,6.53253,5.16369,5.90374,1.2282
0.03,CC3,6.57438,6.16298,9.14462,0.958591
0.03,CC,5.57674,5.81155,5.73829,1.25489
0.03,CC2,6.23646,5.37987,5.90374,1.2282
0.03,CC3,6.38683,5.97246,9.14462,0.958591
0.03,CC,5.99313,5.76228,5.73829,1.25489
0.03,CC2,7.16153,5.26795,5.90374,1.2282
0.03,CC3,7.44386,6.5043,9.14462,0.958591
0.03,CC,6.0951,7.57526,5.73829,1.25489
0.03,CC2,5.83757,5.8195,5.90374,1.2282
0.03,CC3,6.59459,5.60042,9.14462,0.958591
0.03,CC,5.8523,5.63055,5.73829,1.25489
0.03,CC2,5.40058,5.00079,5.90374,1.2282
0.03,CC3,6.0004,5.68953,9.14462,0.958591
0.03,CC,6.02246,8.33213,5.73829,1.25489
0.03,CC2,5.52769,4.93936,5.90374,1.2282
0.03,CC3,5.88946,5.68002,9.14462,0.958591
0.03,CC,5.35181,8.30417,5.73829,1.25489
0.03,CC2,6.05825,5.20004,5.90374,1.2282
0.03,CC3,8.41334,6.2726,9.14462,0.958591
0.03,CC,6.17692,8.22354,5.73829,1.25489
0.03,CC2,4.72586,7.08263,5.90374,1.2282
0.03,CC3,6.8407,7.62118,9.14462,0.958591
0.03,CC,5.50222,8.35519,5.73829,1.25489
0.03,CC2,6.23342,7.40634,5.90374,1.2282
0.03,CC3,7.16239,8.4263,9.14462,0.958591
0.03,CC,5.42786,7.0588,5.73829,1.25489
0.03,CC2,5.411,7.05929,5.90374,1.2282
0.03,CC3,6.60646,8.06418,9.14462,0.958591
0.03,CC,6.47602,8.53447,5.73829,1.25489
0.03,CC2,6.49654,6.67454,5.90374,1.2282
0.03,CC3,6.1548,5.78708,9.14462,0.958591
0.03,CC,6.56377,5.3217,5.73829,1.25489
0.03,CC2,5.44409,4.94523,5.90374,1.2282
0.03,CC3,6.71325,7.8162,9.14462,0.958591
0.03,CC,5.51183,5.41734,5.73829,1.25489
0.03,CC2,5.93224,6.07984,5.90374,1.2282
0.03,CC3,6.01923,7.34774,9.14462,0.958591
0.03,CC,7.0503,11.1182,5.73829,1.25489
0.03,CC2,5.35307,5.11308,5.90374,1.2282
0.03,CC3,6.6131,5.52582,9.14462,0.958591
0.03,CC,4.56727,8.18796,5.73829,1.25489
0.03,CC2,5.05622,6.32031,5.90374,1.2282
0.03,CC3,6.94112,5.73396,9.14462,0.958591
0.03,CC,6.96343,5.55953,5.73829,1.25489
0.03,CC2,7.11667,5.63375,5.90374,1.2282
0.03,CC3,6.06806,8.64362,9.14462,0.958591
0.03,CC,5.9018,4.22273,5.73829,1.25489
0.03,CC2,4.75224,3.92623,5.90374,1.2282
0.03,CC3,5.6212,5.42763,9.14462,0.958591
0.03,CC,5.74468,7.7084,5.73829,1.25489
0.03,CC2,5.42757,6.35766,5.90374,1.2282
0.03,CC3,6.3994,8.67171,9.14462,0.958591
0.03,CC,6.71654,6.40673,5.73829,1.25489
0.03,CC2,5.3049,6.65838,5.90374,1.2282
0.03,CC3,6.55371,8.32862,9.14462,0.958591
0.03,CC,6.07885,6.715,5.73829,1.25489
0.03,CC2,6.47079,6.05237,5.90374,1.2282
0.03,CC3,6.40508,6.74369,9.14462,0.958591
0.03,CC,6.22992,8.25914,5.73829,1.25489
0.03,CC2,6.4906,7.27266,5.90374,1.2282
0.03,CC3,6.85502,6.49768,9.14462,0.958591
0.03,CC,6.03115,7.60085,5.73829,1.25489
0.03,CC2,5.32291,7.43413,5.90374,1.2282
0.03,CC3,6.29289,8.35475,9.14462,0.958591
0.03,CC,7.4065,5.51817,5.73829,1.25489
0.03,CC2,5.76775,4.81869,5.90374,1.2282
0.03,CC3,5.25696,5.48906,9.14462,0.958591
0.03,CC,6.21492,7.23426,5.73829,1.25489
0.03,CC2,5.22025,4.96668,5.90374,1.2282
0.03,CC3,6.45387,7.76258,9.14462,0.958591
0.03,CC,6.68934,6.19713,5.73829,1.25489
0.03,CC2,4.959,5.31918,5.90374,1.2282
0.03,CC3,7.03694,6.30551,9.14462,0.958591
0.03,CC,6.90076,7.16125,5.73829,1.25489
0.03,CC2,5.56255,7.41557,5.90374,1.2282
0.03,CC3,5.77117,8.58204,9.14462,0.958591
0.03,CC,5.92099,7.84942,5.73829,1.25489
0.03,CC2,5.80743,7.18863,5.90374,1.2282
0.03,CC3,6.94326,8.10063,9.14462,0.958591
0.03,CC,5.10566,6.4189,5.73829,1.25489
0.03,CC2,5.91205,5.40707,5.90374,1.2282
0.03,CC3,6.71075,6.49479,9.14462,0.958591
0.03,CC,6.19276,5.93343,5.73829,1.25489
0.03,CC2,6.12976,4.49834,5.90374,1.2282
0.03,CC3,6.21603,5.51741,9.14462,0.958591
0.03,CC,6.03489,9.89308,5.73829,1.25489
0.03,CC2,5.74918,6.9546,5.90374,1.2282
0.03,CC3,7.34878,8.39207,9.14462,0.958591
0.03,CC,6.84514,7.15482,5.73829,1.25489
0.03,CC2,5.4964,7.07992,5.90374,1.2282
0.03,CC3,6.72825,10.2491,9.14462,0.958591
0.04,CC,5.91079,6.06931,4.70355,0.967641
0.04,CC2,6.10557,5.23576,4.95435,0.966479
0.04,CC3,6.78871,5.52682,8.25812,0.843767
0.04,CC,5.31928,7.87556,4.70355,0.967641
0.04,CC2,5.0888,6.7902,4.95435,0.966479
0.04,CC3,5.81188,7.95896,8.25812,0.843767
0.04,CC,7.20766,5.16516,4.70355,0.967641
0.04,CC2,5.53015,5.97869,4.95435,0.966479
0.04,CC3,6.02283,6.88045,8.25812,0.843767
0.04,CC,7.58716,6.50798,4.70355,0.967641
0.04,CC2,6.30718,7.36793,4.95435,0.966479
0.04,CC3,6.96039,8.38143,8.25812,0.843767
0.04,CC,5.92267,7.59779,4.70355,0.967641
0.04,CC2,6.21351,7.22582,4.95435,0.966479
0.04,CC3,6.98465,8.17306,8.25812,0.843767
0.04,CC,6.356,5.32925,4.70355,0.967641
0.04,CC2,6.51386,4.91179,4.95435,0.966479
0.04,CC3,5.43613,5.11186,8.25812,0.843767
0.04,CC,6.0138,5.86542,4.70355,0.967641
0.04,CC2,6.50446,4.86948,4.95435,0.966479
0.04,CC3,5.92986,5.88697,8.25812,0.843767
0.04,CC,5.10135,5.60317,4.70355,0.967641
0.04,CC2,5.93625,5.28377,4.95435,0.966479
0.04,CC3,5.93314,6.48153,8.25812,0.843767
0.04,CC,5.13289,7.49112,4.70355,0.967641
0.04,CC2,7.06786,7.01656,4.95435,0.966479
0.04,CC3,5.15244,6.53127,8.25812,0.843767
0.04,CC,6.26393,8.0871,4.70355,0.967641
0.04,CC2,5.64553,7.11362,4.95435,0.966479
0.04,CC3,5.8026,7.99436,8.25812,0.843767
0.04,CC,6.75219,4.76953,4.70355,0.967641
0.04,CC2,7.13829,7.33293,4.95435,0.966479
0.04,CC3,6.05116,6.47953,8.25812,0.843767
0.04,CC,7.06812,5.48358,4.70355,0.967641
0.04,CC2,5.84393,5.18734,4.95435,0.966479
0.04,CC3,5.85429,5.87299,8.25812,0.843767
0.04,CC,5.98037,8.0916,4.70355,0.967641
0.04,CC2,6.86891,8.75033,4.95435,0.966479
0.04,CC3,7.08738,7.78845,8.25812,0.843767
0.04,CC,5.42496,5.34733,4.70355,0.967641
0.04,CC2,6.77518,4.88773,4.95435,0.966479
0.04,CC3,7.29589,5.1024,8.25812,0.843767
0.04,CC,5.69563,6.3663,4.70355,0.967641
0.04,CC2,5.93393,7.10537,4.95435,0.966479
0.04,CC3,6.78901,8.35785,8.25812,0.843767
0.04,CC,5.31483,7.92765,4.70355,0.967641
0.04,CC2,6.23588,7.25646,4.95435,0.966479
0.04,CC3,6.62513,7.33346,8.25812,0.843767
0.04,CC,5.74749,6.70648,4.70355,0.967641
0.04,CC2,6.16888,6.81822,4.95435,0.966479
0.04,CC3,5.47322,8.07752,8.25812,0.843767
0.04,CC,6.31707,7.97312,4.70355,0.967641
0.04,CC2,4.87324,6.39023,4.95435,0.966479
0.04,CC3,6.81239,5.38286,8.25812,0.843767
0.04,CC,6.42812,6.02705,4.70355,0.967641
0.04,CC2,5.00106,4.66521,4.95435,0.966479
0.04,CC3,6.2767,8.28384,8.25812,0.843767
0.04,CC,5.28471,5.29204,4.70355,0.967641
0.04,CC2,6.56562,4.39835,4.95435,0.966479
0.04,CC3,7.10733,5.23777,8.25812,0.843767
0.04,CC,6.76926,6.4113,4.70355,0.967641
0.04,CC2,6.09105,6.8801,4.95435,0.966479
0.04,CC3,5.17549,6.35509,8.25812,0.843767
0.04,CC,6.09662,7.86432,4.70355,0.967641
0.04,CC2,7.74891,7.22887,4.95435,0.966479
0.04,CC3,5.61382,7.25097,8.25812,0.843767
0.04,CC,5.94365,5.82258,4.70355,0.967641
0.04,CC2,6.18098,4.82634,4.95435,0.966479
0.04,CC3,6.46495,4.56202,8.25812,0.843767
0.04,CC,6.46106,7.94728,4.70355,0.967641
0.04,CC2,6.7297,5.85815,4.95435,0.966479
0.04,CC3,5.13436,5.86195,8.25812,0.843767
0.04,CC,6.04627,6.79427,4.70355,0.967641
0.04,CC2,6.27511,7.25462,4.95435,0.966479
0.04,CC3,6.31207,8.03378,8.25812,0.843767
0.04,CC,5.78009,4.57748,4.70355,0.967641
0.04,CC2,5.83022,3.85469,4.95435,0.966479
0.04,CC3,5.73505,4.29264,8.25812,0.843767
0.04,CC,6.66556,3.51935,4.70355,0.967641
0.04,CC2,5.84607,4.24817,4.95435,0.966479
0.04,CC3,6.37922,8.21265,8.25812,0.843767
0.04,CC,5.44255,7.9083,4.70355,0.967641
0.04,CC2,6.799,7.41303,4.95435,0.966479
0.04,CC3,6.3582,8.29202,8.25812,0.843767
0.04,CC,6.29634,5.34303,4.70355,0.967641
0.04,CC2,6.55292,4.62453,4.95435,0.966479
0.04,CC3,5.73374,5.40769,8.25812,0.843767
0.04,CC,6.40723,5.65414,4.70355,0.967641
0.04,CC2,5.45287,5.42306,4.95435,0.966479
0.04,CC3,6.67299,5.2482,8.25812,0.843767
0.04,CC,6.00814,7.62488,4.70355,0.967641
0.04,CC2,5.40004,6.32681,4.95435,0.966479
0.04,CC3,6.11063,7.34072,8.25812,0.843767
0.04,CC,4.98965,7.83274,4.70355,0.967641
0.04,CC2,5.43091,7.01759,4.95435,0.966479
0.04,CC3,5.91431,8.3362,8.25812,0.843767
0.04,CC,7.23553,5.15236,4.70355,0.967641
0.04,CC2,5.57059,5.55741,4.95435,0.966479
0.04,CC3,6.99727,8.14574,8.25812,0.843767
0.04,CC,6.49905,5.49992,4.70355,0.967641
0.04,CC2,4.67047,6.86161,4.95435,0.966479
0.04,CC3,6.08221,9.25109,8.25812,0.843767
0.04,CC,6.21322,7.81375,4.70355,0.967641
0.04,CC2,6.24188,4.97854,4.95435,0.966479
0.04,CC3,6.88567,5.2726,8.25812,0.843767
0.04,CC,5.40954,8.04771,4.70355,0.967641
0.04,CC2,6.42868,6.4057,4.95435,0.966479
0.04,CC3,5.39852,7.20475,8.25812,0.843767
0.04,CC,5.65112,5.23808,4.70355,0.967641
0.04,CC2,4.601,4.85855,4.95435,0.966479
0.04,CC3,5.89612,5.42216,8.25812,0.843767
0.04,CC,6.50485,4.4275,4.70355,0.967641
0.04,CC2,5.79612,6.47688,4.95435,0.966479
0.04,CC3,6.67241,7.69578,8.25812,0.843767
0.04,CC,5.9911,8.0807,4.70355,0.967641
0.04,CC2,6.69985,7.30253,4.95435,0.966479
0.04,CC3,5.8691,8.22579,8.25812,0.843767
0.04,CC,6.32689,7.9542,4.70355,0.967641
0.04,CC2,5.85933,7.24076,4.95435,0.966479
0.04,CC3,5.53579,8.17028,8.25812,0.843767
0.04,CC,5.4812,7.78957,4.70355,0.967641
0.04,CC2,4.86485,6.96505,4.95435,0.966479
0.04,CC3,6.3687,9.13672,8.25812,0.843767
0.04,CC,4.84473,10.1075,4.70355,0.967641
0.04,CC2,5.6593,5.96903,4.95435,0.966479
0.04,CC3,5.38129,7.10442,8.25812,0.843767
0.04,CC,6.85341,5.53986,4.70355,0.967641
0.04,CC2,4.76629,5.30198,4.95435,0.966479
0.04,CC3,5.57417,5.18609,8.25812,0.843767
0.04,CC,4.305,7.73545,4.70355,0.967641
0.04,CC2,6.37975,6.774,4.95435,0.966479
0.04,CC3,6.2497,7.23676,8.25812,0.843767
0.04,CC,7.22486,7.81897,4.70355,0.967641
0.04,CC2,5.92612,6.76897,4.95435,0.966479
0.04,CC3,5.56737,7.79746,8.25812,0.843767
0.04,CC,7.09942,6.40183,4.70355,0.967641
0.04,CC2,6.57109,8.06502,4.95435,0.966479
0.04,CC3,5.44704,8.1912,8.25812,0.843767
0.04,CC,5.89664,5.65465,4.70355,0.967641
0.04,CC2,6.7049,7.89183,4.95435,0.966479
0.04,CC3,6.88312,8.34135,8.25812,0.843767
0.04,CC,6.56093,5.93892,4.70355,0.967641
0.04,CC2,5.28521,4.81059,4.95435,0.966479
0.04,CC3,6.17511,5.65751,8.25812,0.843767
0.04,CC,4.98926,7.32667,4.70355,0.967641
0.04,CC2,5.72319,6.88778,4.95435,0.966479
0.04,CC3,5.9964,6.19365,8.25812,0.843767
0.04,CC,6.17042,7.78215,4.70355,0.967641
0.04,CC2,5.6951,7.24754,4.95435,0.966479
0.04,CC3,6.01001,8.064,8.25812,0.843767
0.05,CC,5.4459,6.172,4.24321,0.994435
0.05,CC2,5.90434,6.44473,4.4898,0.991104
0.05,CC3,6.91108,7.32161,7.77455,0.899525
0.05,CC,6.78281,4.32852,4.24321,0.994435
0.05,CC2,6.44277,4.28114,4.4898,0.991104
0.05,CC3,4.80477,6.97247,7.77455,0.899525
0.05,CC,6.30353,7.73588,4.24321,0.994435
0.05,CC2,6.20209,7.44849,4.4898,0.991104
0.05,CC3,6.27411,8.26011,7.77455,0.899525
0.05,CC,5.60213,4.95388,4.24321,0.994435
0.05,CC2,6.34643,7.03233,4.4898,0.991104
0.05,CC3,4.95474,8.35263,7.77455,0.899525
0.05,CC,5.55061,4.72365,4.24321,0.994435
0.05,CC2,6.39818,3.75409,4.4898,0.991104
0.05,CC3,4.81392,6.57526,7.77455,0.899525
0.05,CC,5.58514,6.72901,4.24321,0.994435
0.05,CC2,4.64235,6.1227,4.4898,0.991104
0.05,CC3,5.91831,9.41908,7.77455,0.899525
0.05,CC,6.30793,5.10636,4.24321,0.994435
0.05,CC2,5.24995,4.57305,4.4898,0.991104
0.05,CC3,5.51088,5.4232,7.77455,0.899525
0.05,CC,6.29106,4.93864,4.24321,0.994435
0.05,CC2,6.10286,4.61212,4.4898,0.991104
0.05,CC3,5.5407,4.66351,7.77455,0.899525
0.05,CC,5.8243,4.9929,4.24321,0.994435
0.05,CC2,4.67096,7.57749,4.4898,0.991104
0.05,CC3,5.92184,10.8862,7.77455,0.899525
0.05,CC,7.29644,8.34909,4.24321,0.994435
0.05,CC2,5.99237,7.65441,4.4898,0.991104
0.05,CC3,6.51762,7.97275,7.77455,0.899525
0.05,CC,6.02155,6.27014,4.24321,0.994435
0.05,CC2,6.42956,5.30888,4.4898,0.991104
0.05,CC3,7.06887,5.43242,7.77455,0.899525
0.05,CC,6.44333,7.12207,4.24321,0.994435
0.05,CC2,5.70526,6.64467,4.4898,0.991104
0.05,CC3,5.95102,7.65385,7.77455,0.899525
0.05,CC,5.03281,4.85873,4.24321,0.994435
0.05,CC2,5.53996,7.22886,4.4898,0.991104
0.05,CC3,6.19127,7.57186,7.77455,0.899525
0.05,CC,5.81096,7.32112,4.24321,0.994435
0.05,CC2,5.09792,6.9169,4.4898,0.991104
0.05,CC3,6.58766,8.07326,7.77455,0.899525
0.05,CC,5.83838,9.19179,4.24321,0.994435
0.05,CC2,6.21022,7.55924,4.4898,0.991104
0.05,CC3,7.68864,6.02005,7.77455,0.899525
0.05,CC,5.96997,5.03884,4.24321,0.994435
0.05,CC2,5.6929,4.43234,4.4898,0.991104
0.05,CC3,4.90669,4.9642,7.77455,0.899525
0.05,CC,5.45596,5.18596,4.24321,0.994435
0.05,CC2,6.72184,7.07697,4.4898,0.991104
0.05,CC3,6.03959,7.90758,7.77455,0.899525
0.05,CC,5.52852,6.50767,4.24321,0.994435
0.05,CC2,4.56561,6.30601,4.4898,0.991104
0.05,CC3,6.87045,7.56785,7.77455,0.899525
0.05,CC,5.60669,7.47057,4.24321,0.994435
0.05,CC2,5.78391,6.79392,4.4898,0.991104
0.05,CC3,4.86853,7.56825,7.77455,0.899525
0.05,CC,6.06614,6.54732,4.24321,0.994435
0.05,CC2,5.6109,4.74757,4.4898,0.991104
0.05,CC3,4.83642,5.23063,7.77455,0.899525
0.05,CC,5.49364,6.56283,4.24321,0.994435
0.05,CC2,5.99942,5.76609,4.4898,0.991104
0.05,CC3,5.96146,7.61075,7.77455,0.899525
0.05,CC,6.58021,7.21717,4.24321,0.994435
0.05,CC2,5.29051,7.18666,4.4898,0.991104
0.05,CC3,6.20928,8.14705,7.77455,0.899525
0.05,CC,5.87437,5.03233,4.24321,0.994435
0.05,CC2,5.93511,4.15959,4.4898,0.991104
0.05,CC3,5.79191,8.50337,7.77455,0.899525
0.05,CC,5.855,7.69975,4.24321,0.994435
0.05,CC2,5.12715,7.27713,4.4898,0.991104
0.05,CC3,6.48339,11.081,7.77455,0.899525
0.05,CC,4.59571,7.26302,4.24321,0.994435
0.05,CC2,5.82072,7.16702,4.4898,0.991104
0.05,CC3,5.80778,8.11955,7.77455,0.899525
0.05,CC,6.42363,5.6967,4.24321,0.994435
0.05,CC2,6.56275,6.69253,4.4898,0.991104
0.05,CC3,4.96749,7.42752,7.77455,0.899525
0.05,CC,6.94413,5.14905,4.24321,0.994435
0.05,CC2,6.19987,4.1065,4.4898,0.991104
0.05,CC3,5.79854,4.94516,7.77455,0.899525
0.05,CC,6.64757,7.5417,4.24321,0.994435
0.05,CC2,5.39656,7.08628,4.4898,0.991104
0.05,CC3,5.01167,7.48549,7.77455,0.899525
0.05,CC,5.76307,5.75282,4.24321,0.994435
0.05,CC2,6.75333,5.21488,4.4898,0.991104
0.05,CC3,6.01621,5.68733,7.77455,0.899525
0.05,CC,6.49236,5.05867,4.24321,0.994435
0.05,CC2,5.91681,6.80185,4.4898,0.991104
0.05,CC3,5.84764,7.83815,7.77455,0.899525
0.05,CC,9.23198,4.53353,4.24321,0.994435
0.05,CC2,6.64739,4.69069,4.4898,0.991104
0.05,CC3,4.53111,5.23322,7.77455,0.899525
0.05,CC,4.65173,5.94388,4.24321,0.994435
0.05,CC2,6.03284,8.08026,4.4898,0.991104
0.05,CC3,5.93243,6.9432,7.77455,0.899525
0.05,CC,6.46998,6.58252,4.24321,0.994435
0.05,CC2,6.55517,6.89065,4.4898,0.991104
0.05,CC3,6.44185,7.74842,7.77455,0.899525
0.05,CC,6.46478,6.82708,4.24321,0.994435
0.05,CC2,5.79185,5.77867,4.4898,0.991104
0.05,CC3,6.51208,6.76552,7.77455,0.899525
0.05,CC,6.37617,6.31543,4.24321,0.994435
0.05,CC2,6.58539,7.38947,4.4898,0.991104
0.05,CC3,6.58738,11.818,7.77455,0.899525
0.05,CC,5.75041,4.96711,4.24321,0.994435
0.05,CC2,5.13765,4.85673,4.4898,0.991104
0.05,CC3,6.8486,5.94635,7.77455,0.899525
0.05,CC,6.44585,7.5443,4.24321,0.994435
0.05,CC2,5.60578,6.99541,4.4898,0.991104
0.05,CC3,6.36572,7.79835,7.77455,0.899525
0.05,CC,6.33749,6.95426,4.24321,0.994435
0.05,CC2,5.65714,6.51689,4.4898,0.991104
0.05,CC3,5.43387,7.51098,7.77455,0.899525
0.05,CC,5.30879,5.51339,4.24321,0.994435
0.05,CC2,6.07674,7.13454,4.4898,0.991104
0.05,CC3,5.89224,7.85346,7.77455,0.899525
0.05,CC,6.14703,7.37374,4.24321,0.994435
0.05,CC2,6.84187,6.83712,4.4898,0.991104
0.05,CC3,7.00089,7.8031,7.77455,0.899525
0.05,CC,6.48881,16.0835,4.24321,0.994435
0.05,CC2,5.86555,14.3006,4.4898,0.991104
0.05,CC3,6.81494,14.9405,7.77455,0.899525
0.05,CC,6.45969,7.32117,4.24321,0.994435
0.05,CC2,6.42248,6.75651,4.4898,0.991104
0.05,CC3,5.89139,6.9516,7.77455,0.899525
0.05,CC,4.44692,7.8271,4.24321,0.994435
0.05,CC2,5.91491,6.40423,4.4898,0.991104
0.05,CC3,5.75651,4.92004,7.77455,0.899525
0.05,CC,5.27605,5.10892,4.24321,0.994435
0.05,CC2,6.87306,4.55696,4.4898,0.991104
0.05,CC3,5.71602,5.10467,7.77455,0.899525
0.05,CC,5.7396,7.51946,4.24321,0.994435
0.05,CC2,4.86749,6.19625,4.4898,0.991104
0.05,CC3,6.37934,8.50494,7.77455,0.899525
0.05,CC,5.57713,7.51535,4.24321,0.994435
0.05,CC2,5.42783,6.24223,4.4898,0.991104
0.05,CC3,5.3698,5.98751,7.77455,0.899525
0.05,CC,5.72799,5.58137,4.24321,0.994435
0.05,CC2,5.33736,5.25279,4.4898,0.991104
0.05,CC3,5.28138,5.55936,7.77455,0.899525
0.05,CC,6.14863,7.44311,4.24321,0.994435
0.05,CC2,5.89894,5.05087,4.4898,0.991104
0.05,CC3,6.96596,5.85035,7.77455,0.899525
0.05,CC,5.69321,5.78588,4.24321,0.994435
0.05,CC2,4.807,5.12203,4.4898,0.991104
0.05,CC3,5.2221,5.71011,7.77455,0.899525
0.05,CC,7.18031,5.73252,4.24321,0.994435
0.05,CC2,6.8694,4.71644,4.4898,0.991104
0.05,CC3,6.74208,5.87582,7.77455,0.899525
0.06,CC,5.78397,7.28253,3.55348,0.843166
0.06,CC2,5.91705,6.6788,3.71843,0.840971
0.06,CC3,6.1469,7.3184,7.11517,0.838339
0.06,CC,5.93853,7.332,3.55348,0.843166
0.06,CC2,5.07592,6.99984,3.71843,0.840971
0.06,CC3,5.31963,7.56725,7.11517,0.838339
0.06,CC,7.04872,8.62542,3.55348,0.843166
0.06,CC2,6.37318,7.24812,3.71843,0.840971
0.06,CC3,5.48522,7.74304,7.11517,0.838339
0.06,CC,4.89797,4.17093,3.55348,0.843166
0.06,CC2,5.26445,4.10131,3.71843,0.840971
0.06,CC3,6.13301,4.46408,7.11517,0.838339
0.06,CC,6.45309,5.49654,3.55348,0.843166
0.06,CC2,5.62765,6.21555,3.71843,0.840971
0.06,CC3,5.1895,7.4244,7.11517,0.838339
0.06,CC,6.41361,3.78555,3.55348,0.843166
0.06,CC2,5.16754,3.48026,3.71843,0.840971
0.06,CC3,6.16241,3.72547,7.11517,0.838339
0.06,CC,9.91228,6.89157,3.55348,0.843166
0.06,CC2,3.91388,8.31654,3.71843,0.840971
0.06,CC3,5.81526,8.44033,7.11517,0.838339
0.06,CC,6.07847,7.08129,3.55348,0.843166
0.06,CC2,5.46345,6.80396,3.71843,0.840971
0.06,CC3,6.25703,7.76409,7.11517,0.838339
0.06,CC,5.84943,6.62237,3.55348,0.843166
0.06,CC2,5.22149,8.93719,3.71843,0.840971
0.06,CC3,6.00922,7.82958,7.11517,0.838339
0.06,CC,5.39251,4.86282,3.55348,0.843166
0.06,CC2,5.56265,4.24463,3.71843,0.840971
0.06,CC3,5.72788,5.04256,7.11517,0.838339
0.06,CC,6.36326,6.04314,3.55348,0.843166
0.06,CC2,6.08172,6.10569,3.71843,0.840971
0.06,CC3,5.9882,7.08011,7.11517,0.838339
0.06,CC,6.35137,4.56334,3.55348,0.843166
0.06,CC2,5.62653,6.45673,3.71843,0.840971
0.06,CC3,6.31071,7.23378,7.11517,0.838339
0.06,CC,4.15267,7.49291,3.55348,0.843166
0.06,CC2,4.89544,6.73828,3.71843,0.840971
0.06,CC3,6.6784,7.11259,7.11517,0.838339
0.06,CC,6.55413,7.52033,3.55348,0.843166
0.06,CC2,6.39613,6.85518,3.71843,0.840971
0.06,CC3,6.30521,7.78995,7.11517,0.838339
0.06,CC,6.29176,5.99838,3.55348,0.843166
0.06,CC2,6.53066,6.44259,3.71843,0.840971
0.06,CC3,6.71171,6.67442,7.11517,0.838339
0.06,CC,6.43271,6.44692,3.55348,0.843166
0.06,CC2,5.84379,6.78685,3.71843,0.840971
0.06,CC3,6.70428,7.15689,7.11517,0.838339
0.06,CC,6.01761,3.55509,3.55348,0.843166
0.06,CC2,5.6954,3.6592,3.71843,0.840971
0.06,CC3,5.66064,4.04809,7.11517,0.838339
0.06,CC,5.07995,6.53875,3.55348,0.843166
0.06,CC2,5.71069,6.65046,3.71843,0.840971
0.06,CC3,5.50294,7.67161,7.11517,0.838339
0.06,CC,6.96585,3.95581,3.55348,0.843166
0.06,CC2,6.42734,4.20175,3.71843,0.840971
0.06,CC3,5.47151,7.44758,7.11517,0.838339
0.06,CC,6.15747,5.163,3.55348,0.843166
0.06,CC2,4.95452,4.26047,3.71843,0.840971
0.06,CC3,4.69807,4.88755,7.11517,0.838339
0.06,CC,6.89972,5.20765,3.55348,0.843166
0.06,CC2,6.77099,4.95197,3.71843,0.840971
0.06,CC3,6.05724,8.45196,7.11517,0.838339
0.06,CC,5.22779,6.44057,3.55348,0.843166
0.06,CC2,4.67542,7.04046,3.71843,0.840971
0.06,CC3,6.6248,7.8132,7.11517,0.838339
0.06,CC,5.11307,6.16098,3.55348,0.843166
0.06,CC2,6.00858,5.18528,3.71843,0.840971
0.06,CC3,7.21247,5.60198,7.11517,0.838339
0.06,CC,6.62018,5.26502,3.55348,0.843166
0.06,CC2,5.62503,5.06575,3.71843,0.840971
0.06,CC3,6.49978,5.52005,7.11517,0.838339
0.06,CC,4.95577,4.37396,3.55348,0.843166
0.06,CC2,4.7756,4.40491,3.71843,0.840971
0.06,CC3,5.58535,5.11152,7.11517,0.838339
0.06,CC,6.04953,7.16957,3.55348,0.843166
0.06,CC2,5.46122,6.79347,3.71843,0.840971
0.06,CC3,5.08913,7.48391,7.11517,0.838339
0.06,CC,5.97386,5.83946,3.55348,0.843166
0.06,CC2,4.58925,6.40012,3.71843,0.840971
0.06,CC3,6.07288,6.05891,7.11517,0.838339
0.06,CC,9.32003,4.04527,3.55348,0.843166
0.06,CC2,7.55588,4.70832,3.71843,0.840971
0.06,CC3,5.28167,6.29901,7.11517,0.838339
0.06,CC,7.64464,8.9366,3.55348,0.843166
0.06,CC2,10.373,8.0005,3.71843,0.840971
0.06,CC3,10.8699,8.53533,7.11517,0.838339
0.06,CC,11.3236,18.1338,3.55348,0.843166
0.06,CC2,13.2345,13.517,3.71843,0.840971
0.06,CC3,15.698,15.3563,7.11517,0.838339
0.06,CC,5.77005,10.0572,3.55348,0.843166
0.06,CC2,5.14203,6.5964,3.71843,0.840971
0.06,CC3,5.36615,5.7758,7.11517,0.838339
0.06,CC,5.42159,6.22023,3.55348,0.843166
0.06,CC2,6.79482,5.751,3.71843,0.840971
0.06,CC3,6.0148,6.28525,7.11517,0.838339
0.06,CC,5.91604,6.25756,3.55348,0.843166
0.06,CC2,6.41738,5.8551,3.71843,0.840971
0.06,CC3,5.72221,5.90877,7.11517,0.838339
0.06,CC,6.9789,4.06893,3.55348,0.843166
0.06,CC2,5.26126,5.31741,3.71843,0.840971
0.06,CC3,4.79335,7.54423,7.11517,0.838339
0.06,CC,6.7373,4.56721,3.55348,0.843166
0.06,CC2,5.46191,4.32175,3.71843,0.840971
0.06,CC3,6.43642,6.47152,7.11517,0.838339
0.06,CC,5.93108,7.2821,3.55348,0.843166
0.06,CC2,5.8284,5.30734,3.71843,0.840971
0.06,CC3,5.03823,5.56605,7.11517,0.838339
0.06,CC,5.81927,4.78278,3.55348,0.843166
0.06,CC2,6.19724,4.40643,3.71843,0.840971
0.06,CC3,5.63901,4.71605,7.11517,0.838339
0.06,CC,5.34909,7.16345,3.55348,0.843166
0.06,CC2,5.29871,6.17702,3.71843,0.840971
0.06,CC3,5.75864,7.46418,7.11517,0.838339
0.06,CC,6.04463,5.43293,3.55348,0.843166
0.06,CC2,5.91581,5.14587,3.71843,0.840971
0.06,CC3,6.70365,5.4523,7.11517,0.838339
0.06,CC,6.67934,4.87203,3.55348,0.843166
0.06,CC2,4.77781,4.4707,3.71843,0.840971
0.06,CC3,4.61496,4.76862,7.11517,0.838339
0.06,CC,5.41927,4.97186,3.55348,0.843166
0.06,CC2,6.18888,4.55322,3.71843,0.840971
0.06,CC3,6.03336,5.07202,7.11517,0.838339
0.06,CC,6.82991,6.74,3.55348,0.843166
0.06,CC2,5.85747,6.45508,3.71843,0.840971
0.06,CC3,5.25486,7.61358,7.11517,0.838339
0.06,CC,6.70984,8.00939,3.55348,0.843166
0.06,CC2,5.6349,10.306,3.71843,0.840971
0.06,CC3,6.17806,6.86296,7.11517,0.838339
0.06,CC,5.8849,5.36385,3.55348,0.843166
0.06,CC2,5.77802,5.26786,3.71843,0.840971
0.06,CC3,6.51506,8.11664,7.11517,0.838339
0.06,CC,4.82476,5.58301,3.55348,0.843166
0.06,CC2,4.52219,4.91073,3.71843,0.840971
0.06,CC3,5.66048,5.12374,7.11517,0.838339
0.06,CC,5.31349,5.67223,3.55348,0.843166
0.06,CC2,5.01636,6.03311,3.71843,0.840971
0.06,CC3,5.76191,7.14518,7.11517,0.838339
0.06,CC,4.99296,5.92539,3.55348,0.843166
0.06,CC2,5.32349,5.84076,3.71843,0.840971
0.06,CC3,6.6367,7.00691,7.11517,0.838339
0.06,CC,6.88883,4.75014,3.55348,0.843166
0.06,CC2,6.69385,6.42581,3.71843,0.840971
0.06,CC3,6.47604,7.53641,7.11517,0.838339
0.06,CC,5.79233,6.94394,3.55348,0.843166
0.06,CC2,4.67852,6.60499,3.71843,0.840971
0.06,CC3,5.47267,7.35054,7.11517,0.838339
0.06,CC,5.16804,7.389,3.55348,0.843166
0.06,CC2,5.42086,6.98376,3.71843,0.840971
0.06,CC3,6.16634,7.58225,7.11517,0.838339
0.07,CC,4.53793,7.28174,3.20702,0.781102
0.07,CC2,6.12384,7.34377,3.35804,0.768784
0.07,CC3,5.82872,6.44827,6.73518,0.807289
0.07,CC,6.28542,4.44084,3.20702,0.781102
0.07,CC2,5.72449,4.08564,3.35804,0.768784
0.07,CC3,5.86527,4.84555,6.73518,0.807289
0.07,CC,6.10579,7.02696,3.20702,0.781102
0.07,CC2,4.93011,6.72064,3.35804,0.768784
0.07,CC3,6.57727,7.3181,6.73518,0.807289
0.07,CC,5.01101,6.44424,3.20702,0.781102
0.07,CC2,5.97648,5.21731,3.35804,0.768784
0.07,CC3,5.9314,4.53757,6.73518,0.807289
0.07,CC,6.52599,5.80627,3.20702,0.781102
0.07,CC2,7.1402,4.56327,3.35804,0.768784
0.07,CC3,5.28094,4.64558,6.73518,0.807289
0.07,CC,6.93496,4.58384,3.20702,0.781102
0.07,CC2,6.39492,4.16603,3.35804,0.768784
0.07,CC3,5.74034,4.75324,6.73518,0.807289
0.07,CC,5.76526,7.24651,3.20702,0.781102
0.07,CC2,4.84126,6.22837,3.35804,0.768784
0.07,CC3,5.2465,4.8701,6.73518,0.807289
0.07,CC,6.01977,6.02495,3.20702,0.781102
0.07,CC2,5.43231,6.93493,3.35804,0.768784
0.07,CC3,5.40782,7.46062,6.73518,0.807289
0.07,CC,6.39375,3.95814,3.20702,0.781102
0.07,CC2,6.32021,4.34202,3.35804,0.768784
0.07,CC3,5.24933,7.06828,6.73518,0.807289
0.07,CC,4.32249,7.20771,3.20702,0.781102
0.07,CC2,6.00697,4.75249,3.35804,0.768784
0.07,CC3,5.03372,5.68662,6.73518,0.807289
0.07,CC,6.5515,6.38155,3.20702,0.781102
0.07,CC2,5.4904,8.32418,3.35804,0.768784
0.07,CC3,6.68025,12.6594,6.73518,0.807289
0.07,CC,4.78867,5.54536,3.20702,0.781102
0.07,CC2,4.68153,5.21493,3.35804,0.768784
0.07,CC3,5.01832,4.8843,6.73518,0.807289
0.07,CC,7.08595,5.36175,3.20702,0.781102
0.07,CC2,5.96181,4.88432,3.35804,0.768784
0.07,CC3,5.04505,7.90612,6.73518,0.807289
0.07,CC,6.20851,6.69695,3.20702,0.781102
0.07,CC2,4.90091,7.26855,3.35804,0.768784
0.07,CC3,5.70339,7.23686,6.73518,0.807289
0.07,CC,6.88836,5.1898,3.20702,0.781102
0.07,CC2,5.55512,4.92837,3.35804,0.768784
0.07,CC3,5.7756,5.39357,6.73518,0.807289
0.07,CC,6.0296,7.00545,3.20702,0.781102
0.07,CC2,6.33512,5.98408,3.35804,0.768784
0.07,CC3,5.43971,7.16332,6.73518,0.807289
0.07,CC,5.02487,7.18397,3.20702,0.781102
0.07,CC2,6.55377,6.71104,3.35804,0.768784
0.07,CC3,5.93826,7.25987,6.73518,0.807289
0.07,CC,5.05784,6.34304,3.20702,0.781102
0.07,CC2,4.52564,5.95171,3.35804,0.768784
0.07,CC3,5.059,5.84612,6.73518,0.807289
0.07,CC,6.3403,4.28126,3.20702,0.781102
0.07,CC2,6.3346,4.27472,3.35804,0.768784
0.07,CC3,5.58903,4.95533,6.73518,0.807289
0.07,CC,4.92184,7.06403,3.20702,0.781102
0.07,CC2,5.79468,4.28047,3.35804,0.768784
0.07,CC3,5.765,4.83786,6.73518,0.807289
0.07,CC,5.10679,4.75874,3.20702,0.781102
0.07,CC2,4.96065,4.11607,3.35804,0.768784
0.07,CC3,5.23191,4.97989,6.73518,0.807289
0.07,CC,5.75555,5.13521,3.20702,0.781102
0.07,CC2,5.15839,5.56289,3.35804,0.768784
0.07,CC3,5.65775,7.29532,6.73518,0.807289
0.07,CC,5.76096,4.85151,3.20702,0.781102
0.07,CC2,4.87865,6.74035,3.35804,0.768784
0.07,CC3,4.88203,7.47951,6.73518,0.807289
0.07,CC,6.05683,4.80782,3.20702,0.781102
0.07,CC2,5.3863,6.31788,3.35804,0.768784
0.07,CC3,5.93847,6.847,6.73518,0.807289
0.07,CC,5.52597,7.1275,3.20702,0.781102
0.07,CC2,5.68648,6.48533,3.35804,0.768784
0.07,CC3,6.78923,6.95552,6.73518,0.807289
0.07,CC,6.10682,4.58937,3.20702,0.781102
0.07,CC2,5.27418,4.21638,3.35804,0.768784
0.07,CC3,5.77307,3.96243,6.73518,0.807289
0.07,CC,6.46646,5.78425,3.20702,0.781102
0.07,CC2,6.19197,5.99554,3.35804,0.768784
0.07,CC3,6.18051,5.79184,6.73518,0.807289
0.07,CC,6.58743,5.68636,3.20702,0.781102
0.07,CC2,6.67052,5.40796,3.35804,0.768784
0.07,CC3,3.7849,6.06765,6.73518,0.807289
0.07,CC,6.36374,5.69798,3.20702,0.781102
0.07,CC2,6.17544,5.85372,3.35804,0.768784
0.07,CC3,6.6414,6.02307,6.73518,0.807289
0.07,CC,5.40973,8.76148,3.20702,0.781102
0.07,CC2,4.9885,6.60916,3.35804,0.768784
0.07,CC3,6.4747,4.6902,6.73518,0.807289
0.07,CC,6.10481,4.69749,3.20702,0.781102
0.07,CC2,5.35744,4.10804,3.35804,0.768784
0.07,CC3,4.90617,4.88578,6.73518,0.807289
0.07,CC,5.30649,7.52503,3.20702,0.781102
0.07,CC2,4.67361,4.96902,3.35804,0.768784
0.07,CC3,6.32062,4.72427,6.73518,0.807289
0.07,CC,6.75622,5.29255,3.20702,0.781102
0.07,CC2,6.11026,4.42503,3.35804,0.768784
0.07,CC3,6.57202,5.29094,6.73518,0.807289
0.07,CC,5.73426,5.0327,3.20702,0.781102
0.07,CC2,6.59366,6.72425,3.35804,0.768784
0.07,CC3,5.32718,7.21875,6.73518,0.807289
0.07,CC,5.47222,4.58871,3.20702,0.781102
0.07,CC2,5.48486,4.16405,3.35804,0.768784
0.07,CC3,6.06605,7.36451,6.73518,0.807289
0.07,CC,6.71128,6.95971,3.20702,0.781102
0.07,CC2,6.36157,5.7369,3.35804,0.768784
0.07,CC3,7.06681,7.13843,6.73518,0.807289
0.07,CC,4.87729,5.64398,3.20702,0.781102
0.07,CC2,6.09279,6.82994,3.35804,0.768784
0.07,CC3,6.32304,5.90753,6.73518,0.807289
0.07,CC,5.65249,6.95506,3.20702,0.781102
0.07,CC2,6.413,6.78298,3.35804,0.768784
0.07,CC3,6.17446,8.64524,6.73518,0.807289
0.07,CC,6.98213,6.74197,3.20702,0.781102
0.07,CC2,6.18347,6.14557,3.35804,0.768784
0.07,CC3,6.70507,5.54957,6.73518,0.807289
0.07,CC,6.05738,7.00818,3.20702,0.781102
0.07,CC2,4.58672,4.61324,3.35804,0.768784
0.07,CC3,4.40989,4.83894,6.73518,0.807289
0.07,CC,5.95845,9.76654,3.20702,0.781102
0.07,CC2,6.03164,6.95193,3.35804,0.768784
0.07,CC3,4.65608,6.91497,6.73518,0.807289
0.07,CC,4.72816,7.31357,3.20702,0.781102
0.07,CC2,7.13285,6.76224,3.35804,0.768784
0.07,CC3,5.05533,7.40841,6.73518,0.807289
0.07,CC,5.03693,7.09229,3.20702,0.781102
0.07,CC2,5.44707,4.38608,3.35804,0.768784
0.07,CC3,5.39031,5.72755,6.73518,0.807289
0.07,CC,6.21049,6.26008,3.20702,0.781102
0.07,CC2,6.51472,4.20274,3.35804,0.768784
0.07,CC3,5.76311,4.53107,6.73518,0.807289
0.07,CC,5.51957,7.26274,3.20702,0.781102
0.07,CC2,5.63624,5.73649,3.35804,0.768784
0.07,CC3,4.25941,5.52935,6.73518,0.807289
0.07,CC,5.7116,6.90266,3.20702,0.781102
0.07,CC2,5.35224,6.11305,3.35804,0.768784
0.07,CC3,6.82664,7.22634,6.73518,0.807289
0.07,CC,6.3902,7.85578,3.20702,0.781102
0.07,CC2,6.53578,6.76864,3.35804,0.768784
0.07,CC3,7.41639,5.47133,6.73518,0.807289
0.07,CC,5.07522,5.13273,3.20702,0.781102
0.07,CC2,4.62409,4.84922,3.35804,0.768784
0.07,CC3,5.70262,5.59184,6.73518,0.807289
0.07,CC,4.70486,6.87984,3.20702,0.781102
0.07,CC2,6.17221,6.77047,3.35804,0.768784
0.07,CC3,7.02154,7.99325,6.73518,0.807289
0.07,CC,6.41109,6.01517,3.20702,0.781102
0.07,CC2,5.85654,4.96376,3.35804,0.768784
0.07,CC3,5.98163,6.18174,6.73518,0.807289
0.08,CC,5.94049,4.9198,2.59453,0.620963
0.08,CC2,4.94309,4.75879,2.75259,0.620875
0.08,CC3,6.29737,5.31434,5.96536,0.678937
0.08,CC,4.97231,4.3779,2.59453,0.620963
0.08,CC2,4.91699,4.23539,2.75259,0.620875
0.08,CC3,5.98771,4.32971,5.96536,0.678937
0.08,CC,4.88998,6.05079,2.59453,0.620963
0.08,CC2,4.88496,6.35203,2.75259,0.620875
0.08,CC3,4.96545,7.72167,5.96536,0.678937
0.08,CC,5.92309,4.33529,2.59453,0.620963
0.08,CC2,5.94936,4.18632,2.75259,0.620875
0.08,CC3,5.46399,4.7273,5.96536,0.678937
0.08,CC,6.17393,5.08864,2.59453,0.620963
0.08,CC2,6.45467,4.93999,2.75259,0.620875
0.08,CC3,5.23611,7.08678,5.96536,0.678937
0.08,CC,5.01508,6.76913,2.59453,0.620963
0.08,CC2,5.46004,6.07367,2.75259,0.620875
0.08,CC3,5.96465,5.12936,5.96536,0.678937
0.08,CC,5.71107,7.82464,2.59453,0.620963
0.08,CC2,5.81194,6.31055,2.75259,0.620875
0.08,CC3,5.64852,6.98183,5.96536,0.678937
0.08,CC,6.72537,6.53819,2.59453,0.620963
0.08,CC2,5.58075,6.59973,2.75259,0.620875
0.08,CC3,6.55977,6.87549,5.96536,0.678937
0.08,CC,5.63888,6.34341,2.59453,0.620963
0.08,CC2,6.02439,6.32185,2.75259,0.620875
0.08,CC3,6.54981,6.88406,5.96536,0.678937
0.08,CC,6.1621,16.1976,2.59453,0.620963
0.08,CC2,5.64531,15.3453,2.75259,0.620875
0.08,CC3,7.05263,18.0297,5.96536,0.678937
0.08,CC,5.78398,5.10485,2.59453,0.620963
0.08,CC2,6.63083,4.07694,2.75259,0.620875
0.08,CC3,5.90097,4.22039,5.96536,0.678937
0.08,CC,5.12558,4.96904,2.59453,0.620963
0.08,CC2,6.44474,3.81254,2.75259,0.620875
0.08,CC3,6.26347,4.71855,5.96536,0.678937
0.08,CC,5.43577,6.53919,2.59453,0.620963
0.08,CC2,6.17223,6.05847,2.75259,0.620875
0.08,CC3,6.29502,10.4606,5.96536,0.678937
0.08,CC,4.9781,4.15338,2.59453,0.620963
0.08,CC2,5.30881,4.16051,2.75259,0.620875
0.08,CC3,5.91431,4.71725,5.96536,0.678937
0.08,CC,6.3728,6.58738,2.59453,0.620963
0.08,CC2,5.76417,5.46878,2.75259,0.620875
0.08,CC3,5.29613,5.17817,5.96536,0.678937
0.08,CC,4.84337,6.61626,2.59453,0.620963
0.08,CC2,5.73956,6.14847,2.75259,0.620875
0.08,CC3,6.72818,7.99761,5.96536,0.678937
0.08,CC,5.25685,6.71877,2.59453,0.620963
0.08,CC2,5.55727,5.41515,2.75259,0.620875
0.08,CC3,6.03317,5.19958,5.96536,0.678937
0.08,CC,5.12321,6.74487,2.59453,0.620963
0.08,CC2,5.44357,6.37769,2.75259,0.620875
0.08,CC3,5.75021,6.79557,5.96536,0.678937
0.08,CC,6.66418,4.49757,2.59453,0.620963
0.08,CC2,6.57391,4.10637,2.75259,0.620875
0.08,CC3,5.66423,4.80922,5.96536,0.678937
0.08,CC,6.05052,4.92881,2.59453,0.620963
0.08,CC2,5.05791,5.6518,2.75259,0.620875
0.08,CC3,5.61846,7.08315,5.96536,0.678937
0.08,CC,6.36648,4.50019,2.59453,0.620963
0.08,CC2,7.55584,4.23602,2.75259,0.620875
0.08,CC3,6.48124,4.68005,5.96536,0.678937
0.08,CC,4.66058,5.10641,2.59453,0.620963
0.08,CC2,5.53654,6.21764,2.75259,0.620875
0.08,CC3,5.63019,6.83424,5.96536,0.678937
0.08,CC,5.77571,4.0894,2.59453,0.620963
0.08,CC2,5.75742,3.66141,2.75259,0.620875
0.08,CC3,4.70594,4.55001,5.96536,0.678937
0.08,CC,6.03794,5.44961,2.59453,0.620963
0.08,CC2,5.12039,6.62439,2.75259,0.620875
0.08,CC3,5.91931,7.09743,5.96536,0.678937
0.08,CC,6.36785,8.5913,2.59453,0.620963
0.08,CC2,6.83347,6.32601,2.75259,0.620875
0.08,CC3,5.17622,5.97551,5.96536,0.678937
0.08,CC,5.45623,4.64042,2.59453,0.620963
0.08,CC2,6.1624,4.12574,2.75259,0.620875
0.08,CC3,6.56446,4.48489,5.96536,0.678937
0.08,CC,5.97357,3.97059,2.59453,0.620963
0.08,CC2,4.71033,3.96615,2.75259,0.620875
0.08,CC3,5.6021,4.51909,5.96536,0.678937
0.08,CC,4.87437,6.12656,2.59453,0.620963
0.08,CC2,6.45038,6.40234,2.75259,0.620875
0.08,CC3,5.17024,7.24808,5.96536,0.678937
0.08,CC,5.70221,6.24946,2.59453,0.620963
0.08,CC2,5.65863,6.50299,2.75259,0.620875
0.08,CC3,6.79823,7.0493,5.96536,0.678937
0.08,CC,6.07838,6.83593,2.59453,0.620963
0.08,CC2,5.4824,6.35533,2.75259,0.620875
0.08,CC3,5.70432,7.29034,5.96536,0.678937
0.08,CC,6.21249,8.9188,2.59453,0.620963
0.08,CC2,6.03305,6.67783,2.75259,0.620875
0.08,CC3,5.7685,7.24378,5.96536,0.678937
0.08,CC,4.56783,5.56898,2.59453,0.620963
0.08,CC2,7.00764,4.49852,2.75259,0.620875
0.08,CC3,6.22837,5.4624,5.96536,0.678937
0.08,CC,5.81753,6.53193,2.59453,0.620963
0.08,CC2,5.72352,6.57628,2.75259,0.620875
0.08,CC3,5.11188,7.29334,5.96536,0.678937
0.08,CC,4.1936,6.88208,2.59453,0.620963
0.08,CC2,4.77926,6.50211,2.75259,0.620875
0.08,CC3,5.82166,7.32273,5.96536,0.678937
0.08,CC,6.3282,6.56906,2.59453,0.620963
0.08,CC2,4.61385,6.52752,2.75259,0.620875
0.08,CC3,5.15035,6.52595,5.96536,0.678937
0.08,CC,5.20904,6.11366,2.59453,0.620963
0.08,CC2,5.12371,6.49041,2.75259,0.620875
0.08,CC3,5.34065,6.79813,5.96536,0.678937
0.08,CC,5.30605,5.12705,2.59453,0.620963
0.08,CC2,6.32174,4.55212,2.75259,0.620875
0.08,CC3,5.79675,5.04342,5.96536,0.678937
0.08,CC,6.5453,5.05098,2.59453,0.620963
0.08,CC2,5.7795,4.78514,2.75259,0.620875
0.08,CC3,6.40428,4.75239,5.96536,0.678937
0.08,CC,4.9397,4.51321,2.59453,0.620963
0.08,CC2,5.71509,4.292,2.75259,0.620875
0.08,CC3,5.13494,4.5482,5.96536,0.678937
0.08,CC,5.26049,5.24449,2.59453,0.620963
0.08,CC2,5.67878,5.64905,2.75259,0.620875
0.08,CC3,5.86196,7.17331,5.96536,0.678937
0.08,CC,6.39709,7.06279,2.59453,0.620963
0.08,CC2,5.5332,6.4551,2.75259,0.620875
0.08,CC3,6.48219,6.76095,5.96536,0.678937
0.08,CC,5.81944,4.5936,2.59453,0.620963
0.08,CC2,5.4605,4.26897,2.75259,0.620875
0.08,CC3,5.69473,4.44641,5.96536,0.678937
0.08,CC,5.67347,6.35533,2.59453,0.620963
0.08,CC2,4.93886,6.02002,2.75259,0.620875
0.08,CC3,6.67592,7.12735,5.96536,0.678937
0.08,CC,5.97,6.53992,2.59453,0.620963
0.08,CC2,6.6761,6.28758,2.75259,0.620875
0.08,CC3,5.80455,7.25787,5.96536,0.678937
0.08,CC,5.28041,6.06068,2.59453,0.620963
0.08,CC2,5.67743,5.88452,2.75259,0.620875
0.08,CC3,5.42682,7.24163,5.96536,0.678937
0.08,CC,5.29936,6.27578,2.59453,0.620963
0.08,CC2,6.51545,4.62493,2.75259,0.620875
0.08,CC3,6.28609,5.30342,5.96536,0.678937
0.08,CC,5.27296,6.29041,2.59453,0.620963
0.08,CC2,5.89302,7.51847,2.75259,0.620875
0.08,CC3,4.69166,7.29569,5.96536,0.678937
0.08,CC,6.51499,6.98655,2.59453,0.620963
0.08,CC2,14.021,6.33636,2.75259,0.620875
0.08,CC3,7.26799,4.65283,5.96536,0.678937
0.08,CC,6.15228,6.49584,2.59453,0.620963
0.08,CC2,5.79262,5.68994,2.75259,0.620875
0.08,CC3,5.90949,4.45317,5.96536,0.678937
0.08,CC,5.05881,5.41535,2.59453,0.620963
0.08,CC2,5.64693,6.40959,2.75259,0.620875
0.08,CC3,6.25175,5.99385,5.96536,0.678937
0.09,CC,5.5854,4.53145,2.2469,0.575022
0.09,CC2,5.70616,4.37803,2.3721,0.574748
0.09,CC3,6.22854,4.91803,5.57243,0.653683
0.09,CC,4.72887,6.21864,2.2469,0.575022
0.09,CC2,5.42992,6.1683,2.3721,0.574748
0.09,CC3,5.63302,6.03511,5.57243,0.653683
0.09,CC,5.87255,4.40285,2.2469,0.575022
0.09,CC2,6.32641,4.29106,2.3721,0.574748
0.09,CC3,5.59019,6.31544,5.57243,0.653683
0.09,CC,4.10247,6.68078,2.2469,0.575022
0.09,CC2,6.1562,3.97769,2.3721,0.574748
0.09,CC3,5.21446,4.66419,5.57243,0.653683
0.09,CC,6.27889,6.45997,2.2469,0.575022
0.09,CC2,5.94465,6.41854,2.3721,0.574748
0.09,CC3,7.21188,6.72316,5.57243,0.653683
0.09,CC,6.34595,6.17648,2.2469,0.575022
0.09,CC2,6.23989,5.86869,2.3721,0.574748
0.09,CC3,6.4782,6.40921,5.57243,0.653683
0.09,CC,6.01008,6.86828,2.2469,0.575022
0.09,CC2,5.85332,5.61215,2.3721,0.574748
0.09,CC3,6.1569,6.0601,5.57243,0.653683
0.09,CC,5.24986,5.10534,2.2469,0.575022
0.09,CC2,4.76692,4.79088,2.3721,0.574748
0.09,CC3,5.79971,4.15412,5.57243,0.653683
0.09,CC,5.55137,4.80681,2.2469,0.575022
0.09,CC2,6.15642,4.26139,2.3721,0.574748
0.09,CC3,6.45308,6.89053,5.57243,0.653683
0.09,CC,5.85135,6.74046,2.2469,0.575022
0.09,CC2,5.36004,6.40155,2.3721,0.574748
0.09,CC3,5.40611,6.8963,5.57243,0.653683
0.09,CC,5.17164,5.09121,2.2469,0.575022
0.09,CC2,5.69193,6.61556,2.3721,0.574748
0.09,CC3,4.77103,6.7438,5.57243,0.653683
0.09,CC,5.60999,9.44813,2.2469,0.575022
0.09,CC2,6.28544,6.33402,2.3721,0.574748
0.09,CC3,5.78376,6.76303,5.57243,0.653683
0.09,CC,4.33851,6.52019,2.2469,0.575022
0.09,CC2,7.02536,5.57119,2.3721,0.574748
0.09,CC3,4.9001,6.40003,5.57243,0.653683
0.09,CC,6.38213,6.48961,2.2469,0.575022
0.09,CC2,5.02401,6.49233,2.3721,0.574748
0.09,CC3,5.20201,5.27613,5.57243,0.653683
0.09,CC,4.8554,6.7616,2.2469,0.575022
0.09,CC2,6.67404,6.35748,2.3721,0.574748
0.09,CC3,6.66583,7.1274,5.57243,0.653683
0.09,CC,5.85045,6.4155,2.2469,0.575022
0.09,CC2,5.71343,5.82647,2.3721,0.574748
0.09,CC3,5.04716,6.16577,5.57243,0.653683
0.09,CC,6.6707,5.74369,2.2469,0.575022
0.09,CC2,4.62479,6.1274,2.3721,0.574748
0.09,CC3,6.63727,6.94456,5.57243,0.653683
0.09,CC,6.60216,6.23223,2.2469,0.575022
0.09,CC2,6.83419,6.29364,2.3721,0.574748
0.09,CC3,5.99695,6.93894,5.57243,0.653683
0.09,CC,5.76263,5.79596,2.2469,0.575022
0.09,CC2,5.72476,5.33473,2.3721,0.574748
0.09,CC3,5.88427,5.55826,5.57243,0.653683
0.09,CC,5.84253,5.48129,2.2469,0.575022
0.09,CC2,6.73157,5.33589,2.3721,0.574748
0.09,CC3,6.29324,6.21743,5.57243,0.653683
0.09,CC,6.07309,7.13587,2.2469,0.575022
0.09,CC2,6.24845,5.48873,2.3721,0.574748
0.09,CC3,6.19495,5.70034,5.57243,0.653683
0.09,CC,5.53989,6.58881,2.2469,0.575022
0.09,CC2,6.08219,6.32134,2.3721,0.574748
0.09,CC3,6.20086,6.61444,5.57243,0.653683
0.09,CC,6.32622,6.16011,2.2469,0.575022
0.09,CC2,7.01821,5.13313,2.3721,0.574748
0.09,CC3,6.59098,5.66296,5.57243,0.653683
0.09,CC,6.90237,6.29262,2.2469,0.575022
0.09,CC2,5.20292,5.36367,2.3721,0.574748
0.09,CC3,6.32892,5.31467,5.57243,0.653683
0.09,CC,5.81794,6.6978,2.2469,0.575022
0.09,CC2,6.37665,4.86317,2.3721,0.574748
0.09,CC3,6.03906,5.64364,5.57243,0.653683
0.09,CC,5.92459,6.35626,2.2469,0.575022
0.09,CC2,5.12697,6.48219,2.3721,0.574748
0.09,CC3,7.18336,7.0528,5.57243,0.653683
0.09,CC,6.52951,4.60005,2.2469,0.575022
0.09,CC2,5.47753,4.67652,2.3721,0.574748
0.09,CC3,4.97853,4.95441,5.57243,0.653683
0.09,CC,3.95181,4.8494,2.2469,0.575022
0.09,CC2,4.93242,4.75022,2.3721,0.574748
0.09,CC3,6.4581,4.82336,5.57243,0.653683
0.09,CC,5.81588,5.31992,2.2469,0.575022
0.09,CC2,5.0902,6.49002,2.3721,0.574748
0.09,CC3,4.69483,6.1941,5.57243,0.653683
0.09,CC,5.72269,6.43037,2.2469,0.575022
0.09,CC2,6.42529,5.54678,2.3721,0.574748
0.09,CC3,6.51809,6.25055,5.57243,0.653683
0.09,CC,6.51177,3.82855,2.2469,0.575022
0.09,CC2,5.80715,4.19496,2.3721,0.574748
0.09,CC3,4.65138,4.58251,5.57243,0.653683
0.09,CC,4.8279,4.19407,2.2469,0.575022
0.09,CC2,6.12822,6.02949,2.3721,0.574748
0.09,CC3,4.78005,7.19789,5.57243,0.653683
0.09,CC,5.74625,6.45891,2.2469,0.575022
0.09,CC2,5.50564,5.85992,2.3721,0.574748
0.09,CC3,4.87094,6.89315,5.57243,0.653683
0.09,CC,6.7368,4.29579,2.2469,0.575022
0.09,CC2,5.59781,4.15943,2.3721,0.574748
0.09,CC3,6.28827,4.77365,5.57243,0.653683
0.09,CC,6.03457,6.82707,2.2469,0.575022
0.09,CC2,5.43929,6.46527,2.3721,0.574748
0.09,CC3,5.3526,6.7479,5.57243,0.653683
0.09,CC,5.57595,4.6333,2.2469,0.575022
0.09,CC2,5.06248,6.11717,2.3721,0.574748
0.09,CC3,5.52588,5.21819,5.57243,0.653683
0.09,CC,6.50551,4.31225,2.2469,0.575022
0.09,CC2,5.88512,3.2033,2.3721,0.574748
0.09,CC3,5.41839,3.23339,5.57243,0.653683
0.09,CC,4.46252,4.04696,2.2469,0.575022
0.09,CC2,5.37815,4.15464,2.3721,0.574748
0.09,CC3,5.37842,4.40268,5.57243,0.653683
0.09,CC,8.02963,6.60858,2.2469,0.575022
0.09,CC2,6.03175,6.58514,2.3721,0.574748
0.09,CC3,6.21424,7.61301,5.57243,0.653683
0.09,CC,6.29476,6.79664,2.2469,0.575022
0.09,CC2,5.37372,4.22796,2.3721,0.574748
0.09,CC3,6.28764,5.02689,5.57243,0.653683
0.09,CC,5.52322,4.44725,2.2469,0.575022
0.09,CC2,4.843,4.21529,2.3721,0.574748
0.09,CC3,6.08161,4.4418,5.57243,0.653683
0.09,CC,4.8352,6.14257,2.2469,0.575022
0.09,CC2,5.976,6.24576,2.3721,0.574748
0.09,CC3,5.78184,6.62339,5.57243,0.653683
0.09,CC,5.79361,5.14033,2.2469,0.575022
0.09,CC2,5.25823,4.27125,2.3721,0.574748
0.09,CC3,5.56562,5.78927,5.57243,0.653683
0.09,CC,6.9527,4.43092,2.2469,0.575022
0.09,CC2,5.20578,5.95737,2.3721,0.574748
0.09,CC3,6.02054,6.96729,5.57243,0.653683
0.09,CC,4.71853,6.05224,2.2469,0.575022
0.09,CC2,6.47479,5.84216,2.3721,0.574748
0.09,CC3,6.47243,6.33725,5.57243,0.653683
0.09,CC,4.79378,6.85095,2.2469,0.575022
0.09,CC2,6.66821,5.13301,2.3721,0.574748
0.09,CC3,6.70285,5.2013,5.57243,0.653683
0.09,CC,6.08589,13.9578,2.2469,0.575022
0.09,CC2,5.07812,11.3682,2.3721,0.574748
0.09,CC3,5.78012,7.91075,5.57243,0.653683
0.09,CC,5.92124,4.85471,2.2469,0.575022
0.09,CC2,6.63891,4.70899,2.3721,0.574748
0.09,CC3,6.97871,5.00755,5.57243,0.653683
0.09,CC,5.72453,4.60832,2.2469,0.575022
0.09,CC2,5.96452,4.66086,2.3721,0.574748
0.09,CC3,5.23768,6.11124,5.57243,0.653683
0.09,CC,5.52702,6.18068,2.2469,0.575022
0.09,CC2,4.78334,5.00721,2.3721,0.574748
0.09,CC3,6.09629,5.46428,5.57243,0.653683
0.1,CC,4.75143,4.14365,3.15551,1.05776
0.1,CC2,5.86257,4.13584,3.26332,1.04961
0.1,CC3,5.66967,4.17436,6.09994,1.04657
0.1,CC,6.1047,6.57871,3.15551,1.05776
0.1,CC2,5.6023,6.31278,3.26332,1.04961
0.1,CC3,6.07826,6.53079,6.09994,1.04657
0.1,CC,5.33834,4.57322,3.15551,1.05776
0.1,CC2,6.8161,4.30418,3.26332,1.04961
0.1,CC3,5.88928,4.93813,6.09994,1.04657
0.1,CC,6.15791,6.11244,3.15551,1.05776
0.1,CC2,4.93048,6.30387,3.26332,1.04961
0.1,CC3,6.67442,6.69531,6.09994,1.04657
0.1,CC,5.71959,4.70667,3.15551,1.05776
0.1,CC2,5.62077,5.11593,3.26332,1.04961
0.1,CC3,5.87635,7.12881,6.09994,1.04657
0.1,CC,5.06826,3.74091,3.15551,1.05776
0.1,CC2,5.76731,3.52062,3.26332,1.04961
0.1,CC3,4.84602,4.12482,6.09994,1.04657
0.1,CC,4.10301,4.4608,3.15551,1.05776
0.1,CC2,5.64601,4.43487,3.26332,1.04961
0.1,CC3,6.50474,6.41143,6.09994,1.04657
0.1,CC,6.60726,4.28173,3.15551,1.05776
0.1,CC2,5.92126,4.06634,3.26332,1.04961
0.1,CC3,5.41855,4.3534,6.09994,1.04657
0.1,CC,6.36189,6.23297,3.15551,1.05776
0.1,CC2,6.25037,6.10957,3.26332,1.04961
0.1,CC3,6.16081,4.27955,6.09994,1.04657
0.1,CC,6.17612,4.15231,3.15551,1.05776
0.1,CC2,4.97932,3.94106,3.26332,1.04961
0.1,CC3,4.60542,4.47298,6.09994,1.04657
0.1,CC,6.90717,4.36807,3.15551,1.05776
0.1,CC2,5.69595,4.88076,3.26332,1.04961
0.1,CC3,5.43339,6.18987,6.09994,1.04657
0.1,CC,4.57382,4.23485,3.15551,1.05776
0.1,CC2,5.56801,3.95105,3.26332,1.04961
0.1,CC3,5.09082,4.10327,6.09994,1.04657
0.1,CC,4.92083,3.33086,3.15551,1.05776
0.1,CC2,5.57261,3.76838,3.26332,1.04961
0.1,CC3,6.17129,4.55746,6.09994,1.04657
0.1,CC,6.10482,6.48755,3.15551,1.05776
0.1,CC2,6.51284,4.06543,3.26332,1.04961
0.1,CC3,6.01982,4.36313,6.09994,1.04657
0.1,CC,5.69386,6.51013,3.15551,1.05776
0.1,CC2,5.7269,6.00474,3.26332,1.04961
0.1,CC3,6.6754,6.76555,6.09994,1.04657
0.1,CC,6.35651,6.46803,3.15551,1.05776
0.1,CC2,5.58018,6.2623,3.26332,1.04961
0.1,CC3,5.62437,4.37715,6.09994,1.04657
0.1,CC,6.94009,3.76372,3.15551,1.05776
0.1,CC2,5.52045,3.96884,3.26332,1.04961
0.1,CC3,5.94329,5.60917,6.09994,1.04657
0.1,CC,5.56064,6.03007,3.15551,1.05776
0.1,CC2,4.96869,5.96106,3.26332,1.04961
0.1,CC3,4.98515,5.99685,6.09994,1.04657
0.1,CC,5.57267,6.09607,3.15551,1.05776
0.1,CC2,4.75183,5.48402,3.26332,1.04961
0.1,CC3,5.22364,4.93497,6.09994,1.04657
0.1,CC,5.38885,5.94245,3.15551,1.05776
0.1,CC2,6.34334,4.13044,3.26332,1.04961
0.1,CC3,6.42024,4.85172,6.09994,1.04657
0.1,CC,4.8539,6.49081,3.15551,1.05776
0.1,CC2,6.20135,5.86548,3.26332,1.04961
0.1,CC3,5.91378,6.71745,6.09994,1.04657
0.1,CC,6.15456,6.96011,3.15551,1.05776
0.1,CC2,5.53603,6.20816,3.26332,1.04961
0.1,CC3,5.23983,6.94746,6.09994,1.04657
0.1,CC,5.7751,6.56093,3.15551,1.05776
0.1,CC2,5.34602,6.02022,3.26332,1.04961
0.1,CC3,5.64644,5.45415,6.09994,1.04657
0.1,CC,6.38602,6.42521,3.15551,1.05776
0.1,CC2,5.25043,6.26359,3.26332,1.04961
0.1,CC3,6.48586,6.14581,6.09994,1.04657
0.1,CC,5.01579,4.69707,3.15551,1.05776
0.1,CC2,5.24653,5.91193,3.26332,1.04961
0.1,CC3,5.91129,6.55137,6.09994,1.04657
0.1,CC,6.03414,4.04381,3.15551,1.05776
0.1,CC2,5.48642,3.97273,3.26332,1.04961
0.1,CC3,4.59415,4.53479,6.09994,1.04657
0.1,CC,5.41469,3.96599,3.15551,1.05776
0.1,CC2,5.67625,4.82622,3.26332,1.04961
0.1,CC3,5.30326,6.92644,6.09994,1.04657
0.1,CC,4.40937,6.17306,3.15551,1.05776
0.1,CC2,5.39752,5.95252,3.26332,1.04961
0.1,CC3,5.492,6.51048,6.09994,1.04657
0.1,CC,5.08555,4.11511,3.15551,1.05776
0.1,CC2,5.10652,3.91149,3.26332,1.04961
0.1,CC3,5.8744,4.36335,6.09994,1.04657
0.1,CC,4.5436,5.85077,3.15551,1.05776
0.1,CC2,6.02453,5.81735,3.26332,1.04961
0.1,CC3,5.69148,6.38881,6.09994,1.04657
0.1,CC,6.35969,6.50087,3.15551,1.05776
0.1,CC2,5.12282,6.12984,3.26332,1.04961
0.1,CC3,5.66907,6.75964,6.09994,1.04657
0.1,CC,6.55347,6.54102,3.15551,1.05776
0.1,CC2,5.39564,5.98093,3.26332,1.04961
0.1,CC3,6.71977,6.66042,6.09994,1.04657
0.1,CC,6.51168,6.45802,3.15551,1.05776
0.1,CC2,5.85916,6.07163,3.26332,1.04961
0.1,CC3,5.93242,6.72561,6.09994,1.04657
0.1,CC,5.41899,4.58885,3.15551,1.05776
0.1,CC2,5.02485,4.75155,3.26332,1.04961
0.1,CC3,5.34825,5.14706,6.09994,1.04657
0.1,CC,4.85352,4.16857,3.15551,1.05776
0.1,CC2,5.64527,5.89133,3.26332,1.04961
0.1,CC3,5.09105,5.04418,6.09994,1.04657
0.1,CC,6.48198,4.76955,3.15551,1.05776
0.1,CC2,5.94029,4.54121,3.26332,1.04961
0.1,CC3,5.65918,4.38646,6.09994,1.04657
0.1,CC,6.70697,6.52473,3.15551,1.05776
0.1,CC2,5.85747,6.39731,3.26332,1.04961
0.1,CC3,6.14912,6.70138,6.09994,1.04657
0.1,CC,5.49397,4.81656,3.15551,1.05776
0.1,CC2,5.14183,3.91996,3.26332,1.04961
0.1,CC3,5.42279,4.35031,6.09994,1.04657
0.1,CC,6.20513,6.07529,3.15551,1.05776
0.1,CC2,5.75619,6.72196,3.26332,1.04961
0.1,CC3,6.71712,6.57493,6.09994,1.04657
0.1,CC,5.5849,4.50232,3.15551,1.05776
0.1,CC2,5.674,6.2297,3.26332,1.04961
0.1,CC3,5.62398,6.51424,6.09994,1.04657
0.1,CC,6.0268,6.78196,3.15551,1.05776
0.1,CC2,5.28389,5.29615,3.26332,1.04961
0.1,CC3,6.10227,5.12205,6.09994,1.04657
0.1,CC,5.13941,4.27023,3.15551,1.05776
0.1,CC2,6.01289,4.13544,3.26332,1.04961
0.1,CC3,5.25488,4.74517,6.09994,1.04657
0.1,CC,5.9542,6.51355,3.15551,1.05776
0.1,CC2,6.22007,6.88847,3.26332,1.04961
0.1,CC3,6.49429,5.85218,6.09994,1.04657
0.1,CC,5.03877,4.32315,3.15551,1.05776
0.1,CC2,5.83913,4.81922,3.26332,1.04961
0.1,CC3,6.54437,5.81333,6.09994,1.04657
0.1,CC,6.28389,6.06306,3.15551,1.05776
0.1,CC2,6.80815,6.28586,3.26332,1.04961
0.1,CC3,6.6162,6.65092,6.09994,1.04657
0.1,CC,4.84247,6.58038,3.15551,1.05776
0.1,CC2,5.59153,5.80297,3.26332,1.04961
0.1,CC3,6.18491,6.59366,6.09994,1.04657
0.1,CC,7.04649,6.57296,3.15551,1.05776
0.1,CC2,7.59214,6.20313,3.26332,1.04961
0.1,CC3,5.91129,5.69208,6.09994,1.04657
0.1,CC,5.97609,6.29714,3.15551,1.05776
0.1,CC2,5.54907,5.85512,3.26332,1.04961
0.1,CC3,5.76955,8.30151,6.09994,1.04657
0.1,CC,4.27107,6.34113,3.15551,1.05776
0.1,CC2,6.12147,6.30738,3.26332,1.04961
0.1,CC3,5.87386,6.71563,6.09994,1.04657
0.1,CC,5.45729,9.90271,3.15551,1.05776
0.1,CC2,5.8562,6.20165,3.26332,1.04961
0.1,CC3,5.89509,5.34005,6.09994,1.04657
0.1,CC,6.18885,9.57479,3.15551,1.05776
0.1,CC2,7.85669,8.92296,3.26332,1.04961
0.1,CC3,12.1526,10.2683,6.09994,1.04657
0.1,CC,7.24351,6.35177,3.15551,1.05776
0.1,CC2,6.96528,5.98941,3.26332,1.04961
0.1,CC3,6.89116,6.31262,6.09994,1.04657
0.1,CC,11.138,6.18722,3.15551,1.05776
0.1,CC2,7.08223,6.03126,3.26332,1.04961
0.1,CC3,6.41983,5.86051,3.26332,1.04961
